성별,출연 프로그램,시즌,방영 시작 날짜,방영 종료 날짜,시청률,방송편수,OTT 방영 여부(후행적?),출생년도,방영당시 나이,출연자 평균 연령,MBTI,메기여부,커플 성사 여부,직업분류,직업분류코드,외모(Face score),외모(Fun),외모(Smartness),외모(Confidence),외모(Trustworthiness),외모(Attractiveness),외모(Approachability),계산된_동성_출연자_수,계산된_이성_출연자_수,동성 출연자 수 일치 여부,이성 출연자 수 일치 여부,계산된 방영당시 나이,나이 차이,프로그램_시즌,출연자방영후30일평균검색량,출연자방영후14일평균검색량,출연자방영전후30일총검색량,출연자방영전후14일총검색량,프로그램방영후30일평균검색량,프로그램방영후14일평균검색량,프로그램방영전후30일총검색량,프로그램방영전후14일총검색량,방영 기간 (일),방송 종료 m일 후 팔로워 (total followers daily),출연자 댓글수_프로그램 총 댓글 수,pos_result의 평균,neg_result의 평균,출연자 pos_result 1의 비율,출연자 neg_result 0의 비율,1화,2화,3화,4화
여,솔로지옥,1,2021-12-18,2022-01-08,,8,TRUE,1988,34,28,INFJ,FALSE,TRUE,경영 및 행정 관리자,1111,78,78,75,65,52,80,54,5,6,TRUE,TRUE,33,1,솔로지옥1,1736.451613,1148,53830,17220,135870.9677,133506.6667,4235010,2018100,21,1454066,0.042664345,41.18095233,58.81904767,0.357142857,0.642857143,0,0,1,0
남,핑크 라이,,2022-10-05,2022-12-14,,12,TRUE,1985,38,31,,,FALSE,예술가 및 연예인,2459,84,55,99,85,73,99,61,4,5,TRUE,TRUE,37,1,핑크라이,2014.193548,52,62440,780,8374.516129,7896.666667,279610,133660,70,35766.28941,0.060240964,0,0,0,0,0,0,0,0
여,환승연애,1,2021-06-25,2021-10-01,,15,TRUE,1996,26,27.1,ESFP,FALSE,TRUE,,,83,78,55,53,80,87,82,4,5,FALSE,FALSE,25,1,환승연애1,,,,,49429.03226,41480,1590950,671460,98,,0,0,0,0,0,0,0,0,0
여,환승연애,3,2023-12-29,2024-04-19,,20,TRUE,1996,28,29.08333333,ESTP,TRUE,TRUE,,,84,61,52,74,53,85,93,5,6,FALSE,FALSE,27,1,환승연애3,84.19354839,0,2610,0,10079.35484,12714,423370,258450,112,113025,0,0,0,0,0,0,0,0,0
여,펫미픽미,,2022-10-21,2022-11-11,0.8,4,FALSE,1992,31,28.75,,FALSE,TRUE,사무 종사자,4110,80,79,75,57,59,98,57,3,4,TRUE,TRUE,30,1,펫미픽미,,,,,2782.258065,3884,99380,68530,21,94261,0.166666667,88.6490345,11.3509655,1,0,0,0,0,0
남,남의연애,1,2022-07-15,2022-08-26,,11,TRUE,1988,35,29.5,ISFP,FALSE,TRUE,,,82,72,54,84,77,75,79,7,0,FALSE,FALSE,34,1,남의연애1,,,,,15919.03226,21586.66667,570360,386300,42,38542,0.036117382,57.93000989,42.06999011,0.6875,0.3125,0,0,0,0
여,러브캐처,2,2019-08-22,2019-10-10,0.6,8,TRUE,1997,23,26.4,,FALSE,,,,81,75,80,79,53,74,62,4,5,FALSE,FALSE,22,1,러브캐처2,,,,,,,,,49,66150,0.197883598,37.07456926,62.92543074,0.336898396,0.663101604,0,0,0,0
남,환승연애,3,2023-12-29,2024-04-19,,20,TRUE,1997,27,29.08333333,ENFJ,FALSE,FALSE,,,80,72,62,71,74,80,91,5,6,FALSE,FALSE,26,1,환승연애3,187.4193548,272,6020,4290,10079.35484,12714,423370,258450,112,162517,0,0,0,0,0,0,0,0,0
여,솔로지옥,3,2023-12-12,2024-01-09,,11,TRUE,1996,28,28.83333333,INFP,FALSE,TRUE,,,82,77,76,68,50,90,76,5,6,FALSE,FALSE,27,1,솔로지옥3,1570.645161,1916.666667,48690,28750,14327.74194,14086.66667,493650,242740,28,478542,0.000615006,75.93784928,24.06215072,1,0,0,0,1,0
남,러브캐처,2,2019-08-22,2019-10-10,0.6,8,TRUE,1990,30,26.4,,FALSE,,,,82,61,50,90,64,95,71,4,5,FALSE,FALSE,29,1,러브캐처2,,,,,,,,,49,,0.006049607,46.4152316,53.5847684,0.3,0.7,0,0,1,0
여,체인지데이즈,1,2021-05-18,2021-09-14,,17,TRUE,1994,28,29.66666667,,FALSE,TRUE,"예술가 및 연예인, 스포츠 지도사","2452, 3422",81,79,79,68,50,99,70,2,3,TRUE,TRUE,27,1,체인지데이즈1,153.2258065,136,4750,2040,21525.80645,21553.33333,749380,403430,119,46701,1,24.59335327,75.40664673,0,1,0,0,0,0
여,환승연애,1,2021-06-25,2021-10-01,,15,TRUE,1996,26,27.1,ENFP,FALSE,TRUE,소프트웨어 개발자,2511,80,76,51,54,52,84,76,4,5,TRUE,TRUE,25,1,환승연애1,171.2903226,180.6666667,5310,2710,49429.03226,41480,1590950,671460,98,167807,0,0,0,0,0,0,0,1,0
남,남의연애,1,2022-07-15,2022-08-26,,11,TRUE,1988,35,29.5,ISFP,FALSE,FALSE,,,79,60,60,89,55,100,65,7,0,FALSE,FALSE,34,1,남의연애1,,,,,15919.03226,21586.66667,570360,386300,42,53432,0.026190476,78.20806605,21.79193395,0.909090909,0.090909091,0,0,0,0
남,솔로지옥,2,2022-12-13,2023-01-10,,10,TRUE,1996,27,26.58333333,,TRUE,TRUE,,,77,63,51,55,63,100,59,5,6,FALSE,FALSE,26,1,솔로지옥2,257.7419355,41.33333333,7990,620,13451.29032,12476.66667,474190,214500,28,954866,0.057036949,58.55120217,41.44879783,0.580712788,0.419287212,0,0,0,0
여,소년소녀 연애하다,,2023-10-05,2023-11-30,,10,TRUE,2007,17,18.1,INFP,FALSE,TRUE,,,86,75,73,66,52,88,92,4,5,FALSE,FALSE,16,1,소년소녀연애하다,,,,,6556.774194,8716.666667,235720,154420,56,,0.141335915,53.70310258,46.29689742,0.534246575,0.465753425,0,1,0,0
여,솔로지옥,1,2021-12-18,2022-01-08,,8,TRUE,1998,24,28,ENFP,TRUE,FALSE,,,80,77,76,78,52,79,78,5,6,FALSE,FALSE,23,1,솔로지옥1,1454.516129,468.6666667,45090,7030,135870.9677,133506.6667,4235010,2018100,21,327201,0.026653665,52.2449926,47.7550074,0.506097561,0.493902439,0,0,0,0
남,남의연애,3,2024-06-21,2024-08-02,,14,TRUE,2004,21,26.125,INTP,FALSE,FALSE,,,78,50,58,62,93,98,76,7,0,FALSE,FALSE,20,1,남의연애3,,,,,2064.83871,2756.666667,73560,48140,42,50554,0.042553192,65.89164156,34.10835844,0.642857143,0.357142857,0,0,0,0
남,남의연애,2,2023-06-23,2023-08-04,,14,TRUE,2001,23,29,INFJ,FALSE,FALSE,,,85,64,100,72,74,99,91,7,0,FALSE,FALSE,22,1,남의연애2,,,,,1893.870968,2204.666667,70430,39060,42,121045,0.054347826,72.55199459,27.44800541,0.8,0.2,0,0,1,0
남,러브캐처,2,2019-08-22,2019-10-10,0.6,8,TRUE,1991,29,26.4,,FALSE,,,,79,51,86,72,63,100,74,4,5,FALSE,FALSE,28,1,러브캐처2,,,,,,,,,49,79994,0.134920635,44.34216876,55.65783124,0.419607843,0.580392157,0,0,1,0
남,남의연애,2,2023-06-23,2023-08-04,,14,TRUE,1989,35,29,,FALSE,FALSE,예술가 및 연예인,2452,88,52,98,63,72,95,94,7,0,TRUE,TRUE,34,1,남의연애2,,,,,1893.870968,2204.666667,70430,39060,42,89853,0.02,84.25253471,15.74746529,0.933333333,0.066666667,0,0,0,0
남,솔로지옥,1,2021-12-18,2022-01-08,,8,TRUE,1994,28,28,,FALSE,TRUE,경영 및 행정 관리자,1112,80,51,59,88,70,99,71,5,6,TRUE,TRUE,27,1,솔로지옥1,3707.096774,3318,114920,49770,135870.9677,133506.6667,4235010,2018100,21,341609,0.001741402,33.19602571,66.80397429,0.25,0.75,0,0,0,0
여,하트시그널,4,2023-05-17,2023-08-25,,15,TRUE,1990,34,30.5,ESTP,FALSE,FALSE,기타,9999,86,85,87,68,65,77,82,3,4,TRUE,TRUE,33,1,하트시그널4,4033.548387,3500.666667,125820,53160,16551.93548,18738.66667,605280,337690,100,248843,0.009803922,6.179636344,93.82036366,0,1,0,0,1,1
여,환승연애,2,2022-07-15,2022-10-28,,20,TRUE,1997,26,26.2,ENFP,FALSE,FALSE,,,85,89,67,75,72,87,70,4,5,FALSE,FALSE,25,1,환승연애2,160.9677419,171.3333333,4990,2570,16132.90323,15828,628290,299350,105,134534,0,0,0,0,0,0,1,0,0
여,연애남매,,2024-03-01,2024-06-14,1.6,17,TRUE,1995,30,31.7,ENFJ,TRUE,TRUE,,,76,52,53,75,58,50,76,4,5,FALSE,FALSE,29,1,연애남매,0.322580645,0,10,0,49345.16129,51326.66667,1606430,824550,105,70149,0,0,0,0,0,0,0,0,0
여,체인지데이즈,2,2022-06-02,2022-09-15,,16,TRUE,1998,25,27,INFP,FALSE,TRUE,학생,9999,83,83,75,75,51,90,73,3,4,TRUE,TRUE,24,1,체인지데이즈2,660,694.6666667,20460,10420,6138.709677,7034,221410,124490,105,125955,0.111111111,1.13393683,98.86606317,0,1,0,0,1,0
남,솔로지옥,2,2022-12-13,2023-01-10,,10,TRUE,1995,28,26.58333333,ISTP,TRUE,FALSE,방송 및 통신 기술 전문가,2642,84,70,61,81,71,100,88,5,6,TRUE,TRUE,27,1,솔로지옥2,6264.516129,6015.333333,194200,90230,13451.29032,12476.66667,474190,214500,28,812516,0.115999501,66.63723367,33.36276633,0.782608696,0.217391304,0,0,0,0
남,남의연애,1,2022-07-15,2022-08-26,,11,TRUE,1997,26,29.5,INFP,FALSE,FALSE,,,78,69,55,69,58,99,95,7,0,FALSE,FALSE,25,1,남의연애1,,,,,15919.03226,21586.66667,570360,386300,42,123078,0.055023923,70.70636459,29.29363541,0.739130435,0.260869565,1,0,0,0
남,체인지데이즈,2,2022-06-02,2022-09-15,,16,TRUE,1996,27,27,ESFJ,FALSE,TRUE,,,79,50,69,67,74,82,85,3,4,FALSE,FALSE,26,1,체인지데이즈2,84.83870968,67.33333333,2630,1010,6138.709677,7034,221410,124490,105,62470,0.111111111,6.159041077,93.84095892,0,1,1,0,0,0
남,환승연애,2,2022-07-15,2022-10-28,,20,TRUE,1996,27,26.2,INTJ,FALSE,TRUE,"서비스 종사자, 기타 전문가","5112, 2649",80,75,94,53,75,84,72,4,5,TRUE,TRUE,26,1,환승연애2,151.9354839,178.6666667,4710,2680,16132.90323,15828,628290,299350,105,391424.3333,0,0,0,0,0,0,0,0,0
남,19/20,,2023-07-11,2023-08-01,,13,TRUE,2004,20,20,ISFP,TRUE,TRUE,,,84,68,78,62,67,99,94,4,5,FALSE,FALSE,19,1,19/20,,,,,10443.54839,8478.666667,338000,136710,21,384981,0.191972077,68.00725611,31.99274389,0.690909091,0.309090909,0,0,0,0
남,남의연애,3,2024-06-21,2024-08-02,,14,TRUE,1998,27,26.125,INFP,TRUE,TRUE,사무 종사자,4110,84,72,93,94,66,86,93,7,0,TRUE,TRUE,26,1,남의연애3,6.774193548,12,210,180,2064.83871,2756.666667,73560,48140,42,97171,0.001722158,98.5006988,1.499301195,1,0,0,1,0,0
남,솔로지옥,2,2022-12-13,2023-01-10,,10,TRUE,1999,24,26.58333333,,FALSE,FALSE,요리사,4411,78,56,73,52,66,98,60,5,6,TRUE,TRUE,23,1,솔로지옥2,368.0645161,412,11410,6180,13451.29032,12476.66667,474190,214500,28,529611,0.017268446,41.6704441,58.3295559,0.454545455,0.545454545,0,0,0,0
남,남의연애,1,2022-07-15,2022-08-26,,11,TRUE,1992,31,29.5,INFP,TRUE,FALSE,예술가 및 연예인,2453,82,87,80,97,75,99,55,7,0,TRUE,TRUE,30,1,남의연애1,,,,,15919.03226,21586.66667,570360,386300,42,55087,0.230952381,62.05917642,37.94082358,0.608247423,0.391752577,0,0,0,0
남,솔로지옥,1,2021-12-18,2022-01-08,,8,TRUE,1994,28,28,ESTJ,FALSE,TRUE,"스포츠 지도사, 경영 및 행정 관리자","3422, 1111",82,73,57,52,66,99,84,5,6,TRUE,TRUE,27,1,솔로지옥1,2501.290323,1936.666667,77540,29050,135870.9677,133506.6667,4235010,2018100,21,1202677,0.06617327,42.03720393,57.96279607,0.434210526,0.565789474,0,0,0,1
여,좋아하면 울리는 짝짝짝,,2022-12-09,2023-02-03,,13,TRUE,1998,25,26.36363636,,,FALSE,,,83,81,78,71,50,84,61,5,5,FALSE,FALSE,24,1,좋아하면울리는짝짝짝,,,,,2760.645161,3160.666667,95040,55710,56,108246,0.034482759,69.66886818,30.33113182,0.666666667,0.333333333,0,0,0,0
남,남의연애,3,2024-06-21,2024-08-02,,14,TRUE,2003,22,26.125,ENFP,FALSE,FALSE,,,84,75,58,92,73,99,90,7,0,FALSE,FALSE,21,1,남의연애3,,,,,2064.83871,2756.666667,73560,48140,42,46195,0.001858736,95.12936175,4.870638251,1,0,1,0,0,0
남,환승연애,2,2022-07-15,2022-10-28,,20,TRUE,1997,26,26.2,INTP,TRUE,TRUE,,,82,89,65,61,73,97,89,4,5,FALSE,FALSE,25,1,환승연애2,88.06451613,1.333333333,2730,20,16132.90323,15828,628290,299350,105,344265,0,0,0,0,0,0,0,0,0
여,19/20,,2023-07-11,2023-08-01,,13,TRUE,2004,20,20,ENFJ,FALSE,TRUE,,,86,91,78,85,68,89,76,4,5,FALSE,FALSE,19,1,19/20,,,,,10443.54839,8478.666667,338000,136710,21,428829,0.153198653,69.56285598,30.43714402,0.736263736,0.263736264,1,0,0,0
남,핑크 라이,,2022-10-05,2022-12-14,,12,TRUE,1994,29,31,,,TRUE,미용사,3435,83,75,55,85,72,95,92,4,5,TRUE,TRUE,28,1,핑크라이,89.35483871,50.66666667,2770,760,8374.516129,7896.666667,279610,133660,70,21782,0.204081633,69.68327448,30.31672552,0.7,0.3,0,0,0,0
남,19/20,,2023-07-11,2023-08-01,,13,TRUE,2004,20,20,INFJ,FALSE,FALSE,,,79,70,73,79,55,90,62,4,5,FALSE,FALSE,19,1,19/20,,,,,10443.54839,8478.666667,338000,136710,21,71883.09211,0.054131054,54.24539707,45.75460293,0.578947368,0.421052632,0,0,0,0
남,솔로지옥,1,2021-12-18,2022-01-08,,8,TRUE,1994,28,28,ENFJ,FALSE,TRUE,,,80,51,91,66,60,100,64,5,6,FALSE,FALSE,27,1,솔로지옥1,2498.064516,1670,77460,25070,135870.9677,133506.6667,4235010,2018100,21,1011813,0.025685677,43.83752394,56.16247606,0.440677966,0.559322034,0,0,0,0
남,체인지데이즈,2,2022-06-02,2022-09-15,,16,TRUE,1995,28,27,ENFJ,FALSE,FALSE,,,84,78,81,70,54,99,94,3,4,FALSE,FALSE,27,1,체인지데이즈2,415.8064516,521.3333333,12890,7820,6138.709677,7034,221410,124490,105,53288,0.055555556,2.665733919,97.33426608,0,1,0,0,0,0
여,환승연애,2,2022-07-15,2022-10-28,,20,TRUE,1998,25,26.2,INTP,TRUE,TRUE,,,84,91,50,96,70,84,80,4,5,FALSE,FALSE,24,1,환승연애2,0,0,0,0,16132.90323,15828,628290,299350,105,714612,0,0,0,0,0,0,0,0,0
남,소년소녀 연애하다,,2023-10-05,2023-11-30,,10,TRUE,2006,18,18.1,ISFP,TRUE,FALSE,,,88,74,97,89,81,82,66,4,5,FALSE,FALSE,17,1,소년소녀연애하다,,,,,6556.774194,8716.666667,235720,154420,56,,0.01183432,68.09986494,31.90013506,0.75,0.25,0,0,0,0
남,솔로지옥,3,2023-12-12,2024-01-09,,11,TRUE,1990,34,28.83333333,ENFJ,FALSE,TRUE,,,84,65,89,79,73,88,66,5,6,FALSE,FALSE,33,1,솔로지옥3,420.9677419,539.3333333,13050,8090,14327.74194,14086.66667,493650,242740,28,727308,0.000488043,60.88833809,39.11166191,1,0,0,0,0,1
여,연애남매,,2024-03-01,2024-06-14,1.6,17,TRUE,1996,29,31.7,ENFJ,FALSE,TRUE,,,85,52,87,78,91,95,71,4,5,FALSE,FALSE,28,1,연애남매,33.5483871,34.66666667,1040,520,49345.16129,51326.66667,1606430,824550,105,311218,0,0,0,0,0,0,0,0,0
여,솔로지옥,2,2022-12-13,2023-01-10,,10,TRUE,1997,26,26.58333333,,FALSE,FALSE,,,80,75,80,75,50,76,72,5,6,FALSE,FALSE,25,1,솔로지옥2,,,,,13451.29032,12476.66667,474190,214500,28,,0.010989011,41.04568996,58.95431004,0.428571429,0.571428571,1,0,0,0
남,연애남매,,2024-03-01,2024-06-14,1.6,17,TRUE,1994,31,31.7,ENTJ,FALSE,FALSE,,,82,65,100,71,60,100,82,4,5,FALSE,FALSE,30,1,연애남매,122.5806452,98.66666667,3800,1480,49345.16129,51326.66667,1606430,824550,105,440821,0,0,0,0,0,0,0,1,0
남,연애남매,,2024-03-01,2024-06-14,1.6,17,TRUE,1991,34,31.7,ENTJ,FALSE,FALSE,,,82,75,100,73,67,80,61,4,5,FALSE,FALSE,33,1,연애남매,234.8387097,228,7280,3420,49345.16129,51326.66667,1606430,824550,105,247235,0,0,0,0,0,0,1,0,0
여,연애남매,,2024-03-01,2024-06-14,1.6,17,TRUE,1989,36,31.7,INFJ,FALSE,FALSE,,,81,54,51,75,60,93,85,4,5,FALSE,FALSE,35,1,연애남매,30.32258065,30,940,450,49345.16129,51326.66667,1606430,824550,105,187736,0,0,0,0,0,0,0,0,0
남,남의연애,3,2024-06-21,2024-08-02,,14,TRUE,1996,29,26.125,ENTP,FALSE,TRUE,,,82,59,99,67,65,95,76,7,0,FALSE,FALSE,28,1,남의연애3,3.548387097,7.333333333,110,110,2064.83871,2756.666667,73560,48140,42,32417,0.000674536,33.71968255,66.28031745,0.5,0.5,0,0,1,0
남,환승연애,3,2023-12-29,2024-04-19,,20,TRUE,1992,32,29.08333333,INTP,FALSE,TRUE,,,81,63,79,93,74,93,68,5,6,FALSE,FALSE,31,1,환승연애3,170.9677419,256,5300,3840,10079.35484,12714,423370,258450,112,199786,0,0,0,0,0,0,0,0,0
남,환승연애,3,2023-12-29,2024-04-19,,20,TRUE,1996,28,29.08333333,ESFP,TRUE,TRUE,,,84,84,61,85,72,95,74,5,6,FALSE,FALSE,27,1,환승연애3,6.451612903,1.333333333,200,20,10079.35484,12714,423370,258450,112,83364,0,0,0,0,0,0,0,0,0
남,좋아하면 울리는 짝짝짝,,2022-12-09,2023-02-03,,13,TRUE,1995,28,26.36363636,,,TRUE,방송 및 통신 기술 전문가,2642,87,53,99,88,71,100,78,4,6,TRUE,FALSE,27,1,좋아하면울리는짝짝짝,,,,,2760.645161,3160.666667,95040,55710,56,125515,0.046153846,37.69551714,62.30448286,0,1,0,0,0,1
여,솔로지옥,1,2021-12-18,2022-01-08,,8,TRUE,1997,25,28,ESTJ,TRUE,FALSE,예술가 및 연예인,2453,82,75,77,78,50,83,81,5,6,TRUE,TRUE,24,1,솔로지옥1,1379.354839,305.3333333,42760,4580,135870.9677,133506.6667,4235010,2018100,21,386831,0.026095855,61.71504046,38.28495954,0.666666667,0.333333333,0,0,0,0
여,환승연애,2,2022-07-15,2022-10-28,,20,TRUE,1994,29,26.2,ENFP,TRUE,TRUE,,,84,72,51,75,68,99,84,4,5,FALSE,FALSE,28,1,환승연애2,220.3225806,18,6830,270,16132.90323,15828,628290,299350,105,1018803,0,0,0,0,0,0,0,0,0
남,남의연애,3,2024-06-21,2024-08-02,,14,TRUE,1997,28,26.125,ENFJ,FALSE,TRUE,경영 및 행정 관리자,1112,80,59,82,76,62,95,68,7,0,TRUE,TRUE,27,1,남의연애3,,,,,2064.83871,2756.666667,73560,48140,42,36888,0.068389058,49.85969908,50.14030092,0.444444444,0.555555556,0,0,0,0
남,솔로지옥,3,2023-12-12,2024-01-09,,11,TRUE,1993,31,28.83333333,INFJ,FALSE,FALSE,법률 전문가,2221,80,58,53,55,72,100,82,5,6,TRUE,TRUE,30,1,솔로지옥3,154.8387097,159.3333333,4800,2390,14327.74194,14086.66667,493650,242740,28,458731,0.015957447,49.70271945,50.29728055,0.458333333,0.541666667,0,0,0,1
남,좋아하면 울리는 짝짝짝,,2022-12-09,2023-02-03,,13,TRUE,1994,29,26.36363636,ENTP,,TRUE,예술가 및 연예인,2452,81,71,81,63,75,100,52,4,6,TRUE,FALSE,28,1,좋아하면울리는짝짝짝,,,,,2760.645161,3160.666667,95040,55710,56,212428.2105,0.045454546,84.51301257,15.48698743,1,0,0,1,0,0
여,환승연애,3,2023-12-29,2024-04-19,,20,TRUE,1993,31,29.08333333,ISFJ,FALSE,FALSE,예술가 및 연예인,2452,87,76,81,76,54,95,91,5,6,TRUE,TRUE,30,1,환승연애3,123.5483871,206,3830,3090,10079.35484,12714,423370,258450,112,435067,0,0,0,0,0,0,1,0,0
여,사내연애,,2022-11-11,2023-01-06,,10,TRUE,1994,29,27.875,,FALSE,TRUE,예술가 및 연예인,2452,82,75,73,72,55,92,82,6,6,FALSE,FALSE,28,1,사내연애,,,,,4278.387097,4831.333333,164870,89050,56,48054.63306,0.041666667,42.54300147,57.45699853,0,1,0,0,0,0
여,솔로지옥,1,2021-12-18,2022-01-08,,8,TRUE,1997,25,28,ESTP,FALSE,TRUE,"방송 및 통신 기술 전문가, 예술가 및 연예인","2642, 2453",80,75,67,52,50,76,81,5,6,TRUE,TRUE,24,1,솔로지옥1,2861.612903,2439.333333,88710,36590,135870.9677,133506.6667,4235010,2018100,21,3741923,0.265128428,50.81691224,49.18308776,0.517241379,0.482758621,0,0,0,0
남,솔로지옥,2,2022-12-13,2023-01-10,,10,TRUE,1991,32,26.58333333,,FALSE,FALSE,,,80,71,70,61,75,100,54,5,6,FALSE,FALSE,31,1,솔로지옥2,589.0322581,738,18260,11070,13451.29032,12476.66667,474190,214500,28,246487,0.03610675,51.03255676,48.96744324,0.565217391,0.434782609,0,1,0,0
남,남의연애,2,2023-06-23,2023-08-04,,14,TRUE,1998,26,29,INFJ,FALSE,TRUE,,,88,62,98,95,74,100,84,7,0,FALSE,FALSE,25,1,남의연애2,,,,,1893.870968,2204.666667,70430,39060,42,280486,0.243206522,62.80916991,37.19083009,0.636871508,0.363128492,0,0,0,0
여,솔로지옥,2,2022-12-13,2023-01-10,,10,TRUE,1998,25,26.58333333,,FALSE,TRUE,,,83,68,79,82,50,78,84,5,6,FALSE,FALSE,24,1,솔로지옥2,1227.096774,1168.666667,38040,17530,13451.29032,12476.66667,474190,214500,28,895626,0.113029827,54.79497387,45.20502613,0.583333333,0.416666667,0,0,0,1
여,사내연애,,2022-11-11,2023-01-06,,10,TRUE,1997,26,27.875,,FALSE,TRUE,언론 전문가,2641,82,77,70,55,52,99,90,6,6,FALSE,FALSE,25,1,사내연애,110.3225806,86,3420,1290,4278.387097,4831.333333,164870,89050,56,24310,0.018867925,54.06901985,45.93098015,0.5,0.5,0,1,1,0
여,솔로지옥,1,2021-12-18,2022-01-08,,8,TRUE,1997,25,28,ESTJ,FALSE,TRUE,,,84,75,76,93,59,95,53,5,6,FALSE,FALSE,24,1,솔로지옥1,5670.645161,4494.666667,175790,67420,135870.9677,133506.6667,4235010,2018100,21,1030433,0.058336961,59.93161798,40.06838202,0.626865672,0.373134328,0,0,0,0
여,솔로지옥,3,2023-12-12,2024-01-09,,11,TRUE,1998,26,28.83333333,ENFJ,FALSE,TRUE,,,84,67,63,55,57,100,92,5,6,FALSE,FALSE,25,1,솔로지옥3,489.3548387,410.6666667,15170,6160,14327.74194,14086.66667,493650,242740,28,540106,0.052165354,38.42503488,61.57496512,0.358490566,0.641509434,0,0,0,0
남,좋아하면 울리는 짝짝짝,,2022-12-09,2023-02-03,,13,TRUE,1994,29,26.36363636,,,FALSE,"스포츠 지도사, 방송 및 통신 기술 전문가","3422, 2642",84,54,71,73,75,100,86,4,6,TRUE,FALSE,28,1,좋아하면울리는짝짝짝,,,,,2760.645161,3160.666667,95040,55710,56,196448.497,0.045454546,50.58194429,49.41805571,0.4,0.6,0,0,0,0
여,솔로지옥,1,2021-12-18,2022-01-08,,8,TRUE,1995,27,28,ENFP,FALSE,TRUE,"스포츠 지도사, 예술가 및 연예인","3422, 2453",82,84,76,84,52,70,80,5,6,TRUE,TRUE,26,1,솔로지옥1,2101.290323,1707.333333,65140,25610,135870.9677,133506.6667,4235010,2018100,21,1190973,0.012625163,62.05146349,37.94853651,0.689655172,0.310344828,0,0,0,0
남,좋아하면 울리는 짝짝짝,,2022-12-09,2023-02-03,,13,TRUE,1994,29,26.36363636,,,FALSE,예술가 및 연예인,2454,80,58,58,69,73,93,96,4,6,TRUE,FALSE,28,1,좋아하면울리는짝짝짝,,,,,2760.645161,3160.666667,95040,55710,56,89399.42225,0.005913661,44.60964821,55.39035179,0.5,0.5,0,0,0,0
남,사내연애,,2022-11-11,2023-01-06,,10,TRUE,1997,26,27.875,ENFJ,FALSE,TRUE,"예술가 및 연예인, 방송 및 통신 기술 전문가","2452, 2642",81,95,78,90,58,75,89,5,7,FALSE,FALSE,25,1,사내연애,,,,,4278.387097,4831.333333,164870,89050,56,37008,0.06993007,42.91245691,57.08754309,0.5,0.5,0,1,0,0
남,남의연애,2,2023-06-23,2023-08-04,,14,TRUE,1998,26,29,ESTP,FALSE,TRUE,,,88,58,97,96,74,97,87,7,0,FALSE,FALSE,25,1,남의연애2,,,,,1893.870968,2204.666667,70430,39060,42,83565,0.014647137,65.82961326,34.17038674,0.727272727,0.272727273,0,0,0,0
남,19/20,,2023-07-11,2023-08-01,,13,TRUE,2004,20,20,ENFP,FALSE,FALSE,,,80,58,97,52,75,98,63,4,5,FALSE,FALSE,19,1,19/20,,,,,10443.54839,8478.666667,338000,136710,21,92320,0.01010101,73.39087486,26.60912514,1,0,0,0,0,0
남,솔로지옥,1,2021-12-18,2022-01-08,,8,TRUE,1992,30,28,ENFJ,FALSE,TRUE,경영 및 행정 관리자,1111,82,81,53,64,74,100,51,5,6,TRUE,TRUE,29,1,솔로지옥1,1424.516129,1432.666667,44160,21490,135870.9677,133506.6667,4235010,2018100,21,519842,0.039616892,37.47992465,62.52007535,0.32967033,0.67032967,0,0,0,0
남,남의연애,2,2023-06-23,2023-08-04,,14,TRUE,1990,34,29,ENFJ,FALSE,FALSE,,,84,65,57,64,72,100,92,7,0,FALSE,FALSE,33,1,남의연애2,77.41935484,87.33333333,2400,1310,1893.870968,2204.666667,70430,39060,42,88447,0.001213592,46.05399482,53.94600518,0.5,0.5,1,0,0,0
여,솔로지옥,3,2023-12-12,2024-01-09,,11,TRUE,1997,27,28.83333333,ESFJ,FALSE,TRUE,예술가 및 연예인,2453,84,80,84,88,50,78,75,5,6,TRUE,TRUE,26,1,솔로지옥3,347.0967742,347.3333333,10940,5350,14327.74194,14086.66667,493650,242740,28,1199662,0.027559055,53.67843008,46.32156992,0.523809524,0.476190476,0,0,0,0
여,하트시그널,4,2023-05-17,2023-08-25,,15,TRUE,1998,26,30.5,ISFP,TRUE,TRUE,예술가 및 연예인,2453,82,67,72,72,55,68,89,3,4,TRUE,TRUE,25,1,하트시그널4,22.90322581,0,710,0,16551.93548,18738.66667,605280,337690,100,,0,0,0,0,0,0,0,0,0
남,환승연애,1,2021-06-25,2021-10-01,,15,TRUE,1992,30,27.1,,FALSE,FALSE,학생,9999,91,72,64,98,89,99,98,4,5,TRUE,TRUE,29,1,환승연애1,560.6451613,646.6666667,17380,9700,49429.03226,41480,1590950,671460,98,85225,0,0,0,0,0,1,1,0,0
남,러브캐처,3,2021-11-19,2022-01-07,,8,TRUE,1990,32,27.4,INFJ,FALSE,,,,82,75,67,54,91,77,71,0,0,FALSE,FALSE,31,1,러브캐처3,226.4516129,152,7020,2280,3113.548387,2722,107250,47890,49,38842.36709,0.091653866,64.8330715,35.1669285,0.709497207,0.290502793,0,0,1,0
남,솔로지옥,3,2023-12-12,2024-01-09,,11,TRUE,1993,31,28.83333333,INFJ,FALSE,FALSE,,,78,63,52,70,75,99,53,5,6,FALSE,FALSE,30,1,솔로지옥3,348.0645161,262,10790,3930,14327.74194,14086.66667,493650,242740,28,340187,0.040706848,34.96842481,65.03157519,0.333333333,0.666666667,0,0,0,1
여,솔로지옥,3,2023-12-12,2024-01-09,,11,TRUE,1998,26,28.83333333,ISTP,FALSE,FALSE,사무 종사자,4110,80,70,77,79,50,63,77,5,6,TRUE,TRUE,25,1,솔로지옥3,716.7741935,960.6666667,22240,14430,14327.74194,14086.66667,493650,242740,28,1137878,0.147463995,63.68176348,36.31823652,0.670912951,0.329087049,0,0,0,0
남,솔로지옥,3,2023-12-12,2024-01-09,,11,TRUE,1988,36,28.83333333,INTJ,FALSE,TRUE,스포츠 선수,3421,84,71,98,76,74,96,79,5,6,TRUE,TRUE,35,1,솔로지옥3,936.4516129,1090,33140,19120,14327.74194,14086.66667,493650,242740,28,861136,0.201149425,48.11048826,51.88951174,0.457142857,0.542857143,0,0,0,0
여,솔로지옥,2,2022-12-13,2023-01-10,,10,TRUE,2000,23,26.58333333,,FALSE,FALSE,,,79,67,75,78,50,50,61,5,6,FALSE,FALSE,22,1,솔로지옥2,370.6451613,376,11510,5660,13451.29032,12476.66667,474190,214500,28,1468307,0.070643642,53.0710303,46.9289697,0.511111111,0.488888889,0,0,0,0
여,환승연애,2,2022-07-15,2022-10-28,,20,TRUE,1996,27,26.2,ESFP,FALSE,TRUE,,,81,79,59,59,53,92,91,4,5,FALSE,FALSE,26,1,환승연애2,383.5483871,240,11960,3660,16132.90323,15828,628290,299350,105,732121,0,0,0,0,0,0,0,0,1
여,환승연애,3,2023-12-29,2024-04-19,,20,TRUE,1993,31,29.08333333,INFJ,FALSE,FALSE,,,81,54,75,58,63,77,65,5,6,FALSE,FALSE,30,1,환승연애3,158.7096774,209.3333333,4920,3140,10079.35484,12714,423370,258450,112,217915,0,0,0,0,0,0,0,0,0
여,솔로지옥,2,2022-12-13,2023-01-10,,10,TRUE,2000,23,26.58333333,,FALSE,TRUE,,,85,75,86,92,52,94,88,5,6,FALSE,FALSE,22,1,솔로지옥2,,,,,13451.29032,12476.66667,474190,214500,28,,0.000427899,38.02192211,61.97807789,0,1,0,0,0,0
남,연애남매,,2024-03-01,2024-06-14,1.6,17,TRUE,1990,35,31.7,ENTJ,FALSE,TRUE,,,77,58,100,64,64,99,53,4,5,FALSE,FALSE,34,1,연애남매,350.6451613,401.3333333,10870,6020,49345.16129,51326.66667,1606430,824550,105,97081,0,0,0,0,0,1,0,0,0
여,러브캐처,4,2022-11-18,2023-01-13,,8,TRUE,1997,26,26.6,,FALSE,,"교육 전문가, 예술가 및 연예인","2311, 2459",84,85,77,83,54,97,85,4,5,TRUE,TRUE,25,1,러브캐처4,790.3225806,1114,24540,16750,8196.774194,11025.33333,301380,200580,56,59374,0.025316456,50.7260263,49.2739737,0.5,0.5,1,0,0,0
여,환승연애,3,2023-12-29,2024-04-19,,20,TRUE,1998,26,29.08333333,ESTJ,FALSE,TRUE,예술가 및 연예인,2453,84,88,66,56,66,79,98,5,6,TRUE,TRUE,25,1,환승연애3,380.6451613,513.3333333,13580,9210,10079.35484,12714,423370,258450,112,518010,0,0,0,0,0,0,0,0,0
남,남의연애,1,2022-07-15,2022-08-26,,11,TRUE,2002,21,29.5,,FALSE,TRUE,,,82,61,88,95,66,100,74,7,0,FALSE,FALSE,20,1,남의연애1,149.3548387,111.3333333,4630,1670,15919.03226,21586.66667,570360,386300,42,178003,0.2,60.25595859,39.74404141,0.583333333,0.416666667,0,0,1,0
남,남의연애,1,2022-07-15,2022-08-26,,11,TRUE,1992,31,29.5,,TRUE,TRUE,,,80,69,60,94,71,68,90,7,0,FALSE,FALSE,30,1,남의연애1,,,,,15919.03226,21586.66667,570360,386300,42,87915,0.025618375,60.24838396,39.75161604,0.586206897,0.413793103,0,0,0,0
남,펫미픽미,,2022-10-21,2022-11-11,0.8,4,FALSE,1991,32,28.75,,FALSE,TRUE,"예술가 및 연예인, 방송 및 통신 기술 전문가","2453, 2642",82,60,52,51,67,97,95,3,4,TRUE,TRUE,31,1,펫미픽미,,,,,2782.258065,3884,99380,68530,21,16553,0,0,0,0,0,0,0,0,0
여,하트시그널,4,2023-05-17,2023-08-25,,15,TRUE,1994,30,30.5,ENFJ,FALSE,FALSE,법률 전문가,2211,79,57,61,74,50,90,67,3,4,TRUE,TRUE,29,1,하트시그널4,2349.354839,3074,74840,47310,16551.93548,18738.66667,605280,337690,100,221277,0.001960784,69.70536709,30.29463291,1,0,0,0,0,0
여,연애남매,,2024-03-01,2024-06-14,1.6,17,TRUE,1999,26,31.7,ESFJ,FALSE,FALSE,,,77,73,57,69,71,52,53,4,5,FALSE,FALSE,25,1,연애남매,64.51612903,38,2000,570,49345.16129,51326.66667,1606430,824550,105,100648,0,0,0,0,0,0,0,0,0
남,환승연애,3,2023-12-29,2024-04-19,,20,TRUE,1994,30,29.08333333,ENFP,FALSE,FALSE,,,84,86,83,85,71,89,86,5,6,FALSE,FALSE,29,1,환승연애3,210,258,6510,3870,10079.35484,12714,423370,258450,112,338096,0,0,0,0,0,0,0,0,0
남,남의연애,2,2023-06-23,2023-08-04,,14,TRUE,1995,29,29,ISFP,FALSE,TRUE,,,84,51,76,96,69,100,93,7,0,FALSE,FALSE,28,1,남의연애2,,,,,1893.870968,2204.666667,70430,39060,42,288644,0.320652174,65.21699535,34.78300465,0.673728814,0.326271186,0,1,0,0
남,19/20,,2023-07-11,2023-08-01,,13,TRUE,2004,20,20,ESTP,FALSE,TRUE,,,87,81,88,94,75,100,84,4,5,FALSE,FALSE,19,1,19/20,,,,,10443.54839,8478.666667,338000,136710,21,177941,0.023214286,46.13192485,53.86807515,0.461538462,0.538461538,0,0,0,0
여,환승연애,2,2022-07-15,2022-10-28,,20,TRUE,2001,22,26.2,ESTP,FALSE,FALSE,,,80,70,77,71,51,85,68,4,5,FALSE,FALSE,21,1,환승연애2,273.5483871,226,8510,3410,16132.90323,15828,628290,299350,105,235043,0,0,0,0,0,0,0,1,0
남,솔로지옥,3,2023-12-12,2024-01-09,,11,TRUE,1993,31,28.83333333,INFJ,FALSE,TRUE,,,81,52,100,78,78,92,84,5,6,FALSE,FALSE,30,1,솔로지옥3,487.7419355,619.3333333,15120,9290,14327.74194,14086.66667,493650,242740,28,789732,0.083907326,58.03086008,41.96913992,0.585820896,0.414179104,0,0,0,0
여,환승연애,1,2021-06-25,2021-10-01,,15,TRUE,1998,24,27.1,ENFP,FALSE,FALSE,방송 및 통신 기술 전문가,2642,84,93,56,71,95,98,77,4,5,TRUE,TRUE,23,1,환승연애1,443.2258065,437.3333333,13740,6560,49429.03226,41480,1590950,671460,98,375947,0,0,0,0,0,0,0,0,0
여,러브캐처,3,2021-11-19,2022-01-07,,8,TRUE,1995,27,27.4,INFP,FALSE,,,,80,53,58,98,51,52,92,4,0,FALSE,FALSE,26,1,러브캐처3,703.2258065,630.6666667,21800,9460,3113.548387,2722,107250,47890,49,55980,0.002610966,74.81872439,25.18127561,1,0,1,1,0,1
남,사내연애,,2022-11-11,2023-01-06,,10,TRUE,1993,30,27.875,,FALSE,TRUE,예술가 및 연예인,2454,78,55,63,66,73,97,66,5,7,FALSE,FALSE,29,1,사내연애,,,,,4278.387097,4831.333333,164870,89050,56,26526,0.006993007,44.66109574,55.33890426,0,1,0,0,0,0
여,환승연애,3,2023-12-29,2024-04-19,,20,TRUE,1997,27,29.08333333,INFJ,FALSE,TRUE,,,86,82,51,70,59,81,98,5,6,FALSE,FALSE,26,1,환승연애3,108.3870968,152.6666667,3360,2290,10079.35484,12714,423370,258450,112,232536,0,0,0,0,0,0,0,0,0
남,하트시그널,4,2023-05-17,2023-08-25,,15,TRUE,1993,31,30.5,ENFP,TRUE,FALSE,,,84,88,60,97,61,99,77,3,4,FALSE,FALSE,30,1,하트시그널4,,,,,16551.93548,18738.66667,605280,337690,100,568.4333333,0,0,0,0,0,0,0,0,0
여,솔로지옥,2,2022-12-13,2023-01-10,,10,TRUE,1997,26,26.58333333,,TRUE,FALSE,,,79,72,71,87,50,58,77,5,6,FALSE,FALSE,25,1,솔로지옥2,523.2258065,49.33333333,16220,740,13451.29032,12476.66667,474190,214500,28,134285,0.014012739,34.94805963,65.05194037,0.297520661,0.702479339,0,0,0,0
남,19/20,,2023-07-11,2023-08-01,,13,TRUE,2004,20,20,ISTP,FALSE,TRUE,,,79,56,53,59,66,86,88,4,5,FALSE,FALSE,19,1,19/20,,,,,10443.54839,8478.666667,338000,136710,21,241678,0.199404762,50.37621011,49.62378989,0.432835821,0.567164179,0,0,0,0
남,하트시그널,3,2020-03-25,2020-07-15,,16,TRUE,1989,32,28.75,ISFJ,FALSE,TRUE,,,85,71,95,63,74,97,93,3,4,FALSE,FALSE,31,1,하트시그널3,,,,,,,,,112,192011,0.016666667,90.62044024,9.379559755,1,0,0,0,0,0
남,남의연애,2,2023-06-23,2023-08-04,,14,TRUE,1993,31,29,INFJ,TRUE,FALSE,,,80,58,53,53,72,99,91,7,0,FALSE,FALSE,30,1,남의연애2,,,,,1893.870968,2204.666667,70430,39060,42,91211,0.013586957,62.90486112,37.09513888,0.7,0.3,0,0,0,1
남,남의연애,1,2022-07-15,2022-08-26,,11,TRUE,1995,28,29.5,ISFP,FALSE,FALSE,,,88,84,67,67,69,100,94,7,0,FALSE,FALSE,27,1,남의연애1,34.83870968,40,1080,600,15919.03226,21586.66667,570360,386300,42,77069,0.028708134,67.03241412,32.96758588,0.75,0.25,0,0,0,1
여,사내연애,,2022-11-11,2023-01-06,,10,TRUE,1999,24,27.875,,FALSE,TRUE,"예술가 및 연예인, 예술가 및 연예인","2453, 2454",86,81,81,64,50,94,89,6,6,FALSE,FALSE,23,1,사내연애,,,,,4278.387097,4831.333333,164870,89050,56,4575,0.017094017,37.13683635,62.86316365,0.5,0.5,0,0,0,0
여,러브캐처,3,2021-11-19,2022-01-07,,8,TRUE,1994,28,27.4,INFP,TRUE,,,,80,60,81,59,53,84,61,4,0,FALSE,FALSE,27,1,러브캐처3,1145.16129,690.6666667,35500,10360,3113.548387,2722,107250,47890,49,72248,0.001450326,15.7476956,84.2523044,0,1,0,0,1,0
여,좋아하면 울리는 짝짝짝,,2022-12-09,2023-02-03,,13,TRUE,1993,30,26.36363636,,,TRUE,,,81,57,63,60,64,100,84,5,5,FALSE,FALSE,29,1,좋아하면울리는짝짝짝,,,,,2760.645161,3160.666667,95040,55710,56,135255,0.174757282,55.30119737,44.69880263,1,0,1,0,0,0
남,하트시그널,3,2020-03-25,2020-07-15,,16,TRUE,1992,29,28.75,INFJ,FALSE,FALSE,예술가 및 연예인,2456,82,79,84,67,73,98,86,3,4,TRUE,TRUE,28,1,하트시그널3,,,,,,,,,112,189150,0.108108108,63.73779774,36.26220226,0.555555556,0.444444444,0,1,1,0
남,좋아하면 울리는 짝짝짝,,2022-12-09,2023-02-03,,13,TRUE,1999,24,26.36363636,,,FALSE,,,82,56,82,65,68,98,80,4,6,FALSE,FALSE,23,1,좋아하면울리는짝짝짝,,,,,2760.645161,3160.666667,95040,55710,56,76901,0.113636364,56.58557411,43.41442589,0.6,0.4,0,0,0,0
여,19/20,,2023-07-11,2023-08-01,,13,TRUE,2004,20,20,ISFP,TRUE,TRUE,,,86,55,83,84,75,96,93,4,5,FALSE,FALSE,19,1,19/20,,,,,10443.54839,8478.666667,338000,136710,21,256354,0.157142857,48.04366927,51.95633073,0.443181818,0.556818182,0,0,0,0
남,환승연애,2,2022-07-15,2022-10-28,,20,TRUE,1998,25,26.2,ESTJ,TRUE,TRUE,,,83,70,87,66,83,94,81,4,5,FALSE,FALSE,24,1,환승연애2,0,0,0,0,16132.90323,15828,628290,299350,105,786568,0,0,0,0,0,0,0,0,0
여,환승연애,1,2021-06-25,2021-10-01,,15,TRUE,1994,28,27.1,ISFP,TRUE,FALSE,,,81,75,50,51,54,95,82,4,5,FALSE,FALSE,27,1,환승연애1,0,0,0,0,49429.03226,41480,1590950,671460,98,125180,0,0,0,0,0,0,0,0,0
남,남의연애,3,2024-06-21,2024-08-02,,14,TRUE,2000,25,26.125,ENFJ,TRUE,TRUE,,,84,72,86,94,73,84,77,7,0,FALSE,FALSE,24,1,남의연애3,12.90322581,21.33333333,400,320,2064.83871,2756.666667,73560,48140,42,23542,0.088145897,51.07997696,48.92002304,0.517241379,0.482758621,0,0,0,0
여,솔로지옥,3,2023-12-12,2024-01-09,,11,TRUE,1998,26,28.83333333,ESFJ,TRUE,FALSE,,,88,89,95,75,53,96,84,5,6,FALSE,FALSE,25,1,솔로지옥3,719.6774194,491.3333333,22310,7370,14327.74194,14086.66667,493650,242740,28,271279,0.026095855,61.71504046,38.28495954,0.666666667,0.333333333,0,0,0,0
남,러브캐처,4,2022-11-18,2023-01-13,,8,TRUE,1995,28,26.6,,FALSE,,"예술가 및 연예인, 예술가 및 연예인","2453, 2455",86,71,91,77,75,100,89,4,5,TRUE,TRUE,27,1,러브캐처4,,,,,8196.774194,11025.33333,301380,200580,56,14186.79778,0.013977128,28.18054364,71.81945636,0.272727273,0.727272727,1,0,0,0
남,남의연애,3,2024-06-21,2024-08-02,,14,TRUE,1992,33,26.125,ESTP,FALSE,TRUE,경영 및 행정 관리자,1112,84,98,76,99,57,98,94,7,0,TRUE,TRUE,32,1,남의연애3,56.12903226,76.66666667,1740,1150,2064.83871,2756.666667,73560,48140,42,127603,0.107902736,63.34986254,36.65013746,0.704225352,0.295774648,0,0,0,0
남,솔로지옥,1,2021-12-18,2022-01-08,,8,TRUE,1991,31,28,INFP,TRUE,FALSE,예술가 및 연예인,2454,78,56,54,54,66,100,88,5,6,TRUE,TRUE,30,1,솔로지옥1,2738.064516,1542.666667,84880,23140,135870.9677,133506.6667,4235010,2018100,21,1148210,0.066666667,4.178516939,95.82148306,0,1,0,0,0,0
남,솔로지옥,3,2023-12-12,2024-01-09,,11,TRUE,2000,24,28.83333333,ISFP,FALSE,TRUE,,,79,50,73,52,69,100,70,5,6,FALSE,FALSE,23,1,솔로지옥3,355.8064516,328.6666667,11030,4930,14327.74194,14086.66667,493650,242740,28,570533,0.027593085,57.34125829,42.65874171,0.578313253,0.421686747,0,0,0,0
여,솔로지옥,2,2022-12-13,2023-01-10,,10,TRUE,1995,28,26.58333333,,FALSE,TRUE,예술가 및 연예인,2456,87,75,79,85,50,78,75,5,6,TRUE,TRUE,27,1,솔로지옥2,518.3870968,500.6666667,16070,7510,13451.29032,12476.66667,474190,214500,28,1110339,0.053375196,60.5925453,39.4074547,0.676470588,0.323529412,0,0,0,0
여,19/20,,2023-07-11,2023-08-01,,13,TRUE,2004,20,20,ESTP,FALSE,FALSE,학생,9999,81,75,89,74,51,73,75,4,5,TRUE,TRUE,19,1,19/20,,,,,10443.54839,8478.666667,338000,136710,21,170521,0.021885522,70.27761811,29.72238189,0.846153846,0.153846154,0,0,0,0
여,좋아하면 울리는 짝짝짝,,2022-12-09,2023-02-03,,13,TRUE,1997,26,26.36363636,INFJ,,FALSE,,,80,63,83,68,51,77,81,5,5,FALSE,FALSE,25,1,좋아하면울리는짝짝짝,,,,,2760.645161,3160.666667,95040,55710,56,204971,0.172413793,47.32294773,52.67705227,0.4,0.6,0,0,0,0
남,솔로지옥,1,2021-12-18,2022-01-08,,8,TRUE,1991,31,28,ENTJ,FALSE,FALSE,"경영 및 행정 관리자, 예술가 및 연예인","1111, 2454",81,56,51,78,74,99,77,5,6,TRUE,TRUE,30,1,솔로지옥1,894.8387097,822,27740,12330,135870.9677,133506.6667,4235010,2018100,21,964953,0.119721376,60.24940638,39.75059362,0.64,0.36,0,0,0,0
여,19/20,,2023-07-11,2023-08-01,,13,TRUE,2004,20,20,ISTP,FALSE,TRUE,,,88,76,79,62,50,99,90,4,5,FALSE,FALSE,19,1,19/20,,,,,10443.54839,8478.666667,338000,136710,21,283484,0.094017094,56.76602728,43.23397272,0.575757576,0.424242424,0,0,1,0
여,체인지데이즈,2,2022-06-02,2022-09-15,,16,TRUE,1998,25,27,ISTP,FALSE,FALSE,,,77,58,56,70,50,99,66,3,4,FALSE,FALSE,24,1,체인지데이즈2,535.483871,622.6666667,16600,9340,6138.709677,7034,221410,124490,105,59487,0.111111111,1.13393683,98.86606317,0,1,0,1,0,0
남,솔로지옥,2,2022-12-13,2023-01-10,,10,TRUE,1998,25,26.58333333,,FALSE,TRUE,,,76,51,52,57,73,97,56,5,6,FALSE,FALSE,24,1,솔로지옥2,386.7741935,202.6666667,11990,3040,13451.29032,12476.66667,474190,214500,28,689335,0.000662471,53.73412818,46.26587182,0.5,0.5,0,1,0,0
남,환승연애,3,2023-12-29,2024-04-19,,20,TRUE,1991,33,29.08333333,ISFP,TRUE,TRUE,,,88,89,100,84,89,95,68,5,6,FALSE,FALSE,32,1,환승연애3,0,0,0,0,10079.35484,12714,423370,258450,112,197227,0,0,0,0,0,0,0,0,0
여,러브캐처,4,2022-11-18,2023-01-13,,8,TRUE,1992,31,26.6,,FALSE,,,,81,76,56,75,55,98,75,4,5,FALSE,FALSE,30,1,러브캐처4,545.1612903,842.6666667,17520,13260,8196.774194,11025.33333,301380,200580,56,114599,0.15501906,63.86550683,36.13449317,0.655737705,0.344262295,0,0,1,0
여,솔로지옥,3,2023-12-12,2024-01-09,,11,TRUE,1998,26,28.83333333,ENFP,FALSE,TRUE,,,80,74,83,75,50,72,74,5,6,FALSE,FALSE,25,1,솔로지옥3,658.7096774,628.6666667,20450,9460,14327.74194,14086.66667,493650,242740,28,1814036,0.041953663,58.2510759,41.7489241,0.619402985,0.380597015,0,0,0,0
여,소년소녀 연애하다,,2023-10-05,2023-11-30,,10,TRUE,2006,18,18.1,ESTP,TRUE,FALSE,,,80,58,65,70,50,95,74,4,5,FALSE,FALSE,17,1,소년소녀연애하다,,,,,6556.774194,8716.666667,235720,154420,56,,0.02417962,54.52222973,45.47777027,0.571428571,0.428571429,0,0,0,0
여,체인지데이즈,2,2022-06-02,2022-09-15,,16,TRUE,1996,27,27,ENFP,FALSE,TRUE,,,82,79,75,74,55,76,69,3,4,FALSE,FALSE,26,1,체인지데이즈2,251.9354839,326,7810,4890,6138.709677,7034,221410,124490,105,69423,0.222222222,1.521666721,98.47833328,0,1,0,0,0,0
남,남의연애,3,2024-06-21,2024-08-02,,14,TRUE,2001,24,26.125,ENFP,FALSE,TRUE,,,81,77,65,88,71,88,88,7,0,FALSE,FALSE,23,1,남의연애3,,,,,2064.83871,2756.666667,73560,48140,42,23363,0.034954407,56.91171528,43.08828472,0.652173913,0.347826087,0,0,0,0